{"system":{"name":"universal_plant_model","n_states":4,"n_inputs":1,"n_outputs":4,"state_variables":["theta","dtheta","phi","dphi"],"input_variables":["u"],"parameters":{"mp":1,"mw":0.5,"lp":0.5,"Ip":0.1,"Iw":0.01,"bp":0.01,"bw":0.05,"g":9.81}},"equilibrium":{"x_e":[0,0,0,0],"u_e":[0],"y_e":[0,0,0,0]},"linearized":{"A":[[0,1,0,0],[-13.624999999999979,-0.02777777777777778,0,0.13888888888888892],[0,0,0,1],[13.624999999999979,0.02777777777777778,0,-5.138888888888889]],"B":[[0],[5.555555555555555],[0],[-105.55555555555556]],"C":[[1,0,0,0],[0,1,0,0],[0,0,1,0],[0,0,0,1]],"D":[[0],[0],[0],[0]]},"stability":{"eigenvalues":["0.000000","-0.037651 + 3.657743j","-0.037651 + -3.657743j","-5.091365"],"classification":"marginally stable"},"diagnostics":{"converged":true,"feasible":true,"equilibrium_match":true,"timestamp":"2026-07-01T02:43:53.250380"}}