{"system":{"name":"universal_plant_model","n_states":3,"n_inputs":1,"n_outputs":3,"state_variables":["pim","omega_t","megr"],"input_variables":["Wt"],"parameters":{"Vm":0.02,"Rt":287,"Tm":400,"Cp":1004,"Cv":717,"Wc":10,"Tc":350,"Jt":0.05,"Kt":0.2,"nt":0.85}},"equilibrium":{"x_e":[0,-8689029.393931855,7.548766918304002e-9],"u_e":[9.999999992451233],"y_e":[0,-8689029.393931855,7.548766918304002e-9]},"linearized":{"A":[[0,0,-5740000],[0,-4.0512531995773315,0],[0.1,0,-0.5]],"B":[[-5739999.965115317],[-9449411.742389202],[0]],"C":[[1,0,0],[0,1,0],[0,0,1]],"D":[[0],[0],[0]]},"stability":{"eigenvalues":["-0.250000 + 757.627836j","-0.250000 + -757.627836j","-4.051253"],"classification":"asymptotically stable"},"diagnostics":{"converged":true,"feasible":true,"equilibrium_match":true,"timestamp":"2026-06-27T21:42:55.707181"}}