{"system":{"name":"universal_plant_model","n_states":4,"n_inputs":1,"n_outputs":4,"state_variables":["zs","vs","zu","vu"],"input_variables":["u0"],"parameters":{"ms":300,"mu":60,"ks":16000,"kt":190000,"bs":1000}},"equilibrium":{"x_e":[0.1,-3.106063200136619e-22,-4.2512750137220256e-19,-2.4070955825293105e-22],"u_e":[1600],"y_e":[0.1,-3.106063200136619e-22,-4.2512750137220256e-19,-2.4070955825293105e-22]},"linearized":{"A":[[0,1,0,0],[-53.333333335103816,-3.3333333324965984,53.333333335103816,3.3333333324965984],[0,0,0,1],[266.6666666755191,16.666666662482992,-3433.333333343095,-16.666666662482992]],"B":[[0],[0.003333335977610356],[0],[-0.016666679888051778]],"C":[[1,0,0,0],[0,1,0,0],[0,0,1,0],[0,0,0,1]],"D":[[0],[0],[0],[0]]},"stability":{"eigenvalues":["-8.568182 + 57.570198j","-8.568182 + -57.570198j","-1.431818 + 6.913960j","-1.431818 + -6.913960j"],"classification":"asymptotically stable"},"diagnostics":{"converged":true,"feasible":true,"equilibrium_match":true,"timestamp":"2026-06-30T21:41:33.912101"}}