{"system":{"name":"universal_plant_model","n_states":4,"n_inputs":1,"n_outputs":4,"state_variables":["z","w","theta","q"],"input_variables":["u_input"],"parameters":{"m":50,"Iz":5,"W":500,"B":510,"zb":-0.1,"zg":0,"Zw":-20,"Zq":-5,"Zd":-10,"Mw":-3,"Mq":-8,"Md":-5}},"equilibrium":{"x_e":[0,-0.7986673331746253,0.1,3.3087224502121107e-23],"u_e":[1.4975012497024225],"y_e":[0,-0.7986673331746253,0.1,3.3087224502121107e-23]},"linearized":{"A":[[0,0.9950041657269537,-0.915270430557058,0],[0,-0.3999999997006399,-0.1990008320573722,-0.10000000010279564],[0,0,0,1],[0,-0.5999999999062312,10.149042434903777,-1.5999999991578306]],"B":[[0],[-0.20000000020559128],[0],[-1.0000000010279564]],"C":[[1,0,0,0],[0,1,0,0],[0,0,1,0],[0,0,0,1]],"D":[[0],[0],[0],[0]]},"stability":{"eigenvalues":["0.000000","-4.089861","-0.408919","2.498781"],"classification":"unstable"},"diagnostics":{"converged":true,"feasible":true,"equilibrium_match":true,"timestamp":"2026-07-01T17:27:51.922003"}}