{"system":{"name":"universal_plant_model","n_states":4,"n_inputs":2,"n_outputs":4,"state_variables":["theta","dtheta","psi","dpsi"],"input_variables":["U_main","U_tail"],"parameters":{"J_vertical":0.05,"J_horizontal":0.04,"a1":0.012,"a2":0.01,"B_pitch":0.01,"B_yaw":0.015,"MgL":0.3,"K_gyroscopic":0.005}},"equilibrium":{"x_e":[0.5,0,0,8.188887194363456e-25],"u_e":[21.939564048340948,9.48769735002531e-24],"y_e":[0.5,0,0,8.188887194363456e-25]},"linearized":{"A":[[0,1,0,0],[2.8765534954011684,-0.2,0,0],[0,0,0,1],[0,0.03290934607251142,0,-0.37499999999999994]],"B":[[0,0],[0.2400000087554588,0],[0,0],[0,0.25]],"C":[[1,0,0,0],[0,1,0,0],[0,0,1,0],[0,0,0,1]],"D":[[0,0],[0,0],[0,0],[0,0]]},"stability":{"eigenvalues":["0.000000","-0.375000","1.598986","-1.798986"],"classification":"unstable"},"diagnostics":{"converged":true,"feasible":true,"equilibrium_match":true,"timestamp":"2026-07-01T13:04:07.206886"}}