{"system":{"name":"universal_plant_model","n_states":3,"n_inputs":1,"n_outputs":3,"state_variables":["theta","q","w"],"input_variables":["delta_e"],"parameters":{"m":1000,"Iy":3000,"S":16,"c":1.5,"rho":1.225,"V":50,"CL_alpha":4.5,"CM_alpha":-0.8,"CM_q":-15,"CM_delta":-1.2,"g":9.81}},"equilibrium":{"x_e":[1,2.4220494980613878e-30,6.973571955806361],"u_e":[-0.09238500244211394],"y_e":[1,2.4220494980613878e-30,6.973571955806361]},"linearized":{"A":[[0,1,0],[0,-2.7562500002492607,-0.1922601020054593],[-18.156502210331382,-50,1.1686339712468907]],"B":[[0],[-14.700000000762715],[0]],"C":[[1,0,0],[0,1,0],[0,0,1]],"D":[[0],[0],[0]]},"stability":{"eigenvalues":["3.029345","-0.264767","-4.352194"],"classification":"unstable"},"diagnostics":{"converged":true,"feasible":true,"equilibrium_match":true,"timestamp":"2026-06-30T14:18:23.020032"}}