{
  "system": {
    "name": "SuspensionSystem",
    "n_states": 4,
    "n_inputs": 1,
    "n_outputs": 4,
    "state_variables": [
      "zs",
      "vs",
      "zu",
      "vu"
    ],
    "input_variables": [
      "u"
    ],
    "parameters": {
      "ms": 300.0,
      "mu": 60.0,
      "ks": 16000.0,
      "kt": 190000.0,
      "bs": 1000.0
    }
  },
  "equilibrium": {
    "x_e": [
      0.0,
      0.0,
      0.0,
      0.0
    ],
    "u_e": [
      0.0
    ],
    "y_e": [
      0.0,
      0.0,
      0.0,
      0.0
    ]
  },
  "linearized": {
    "A": [
      [
        0.0,
        1.0,
        0.0,
        0.0
      ],
      [
        -53.33333333333333,
        -3.333333333333333,
        53.33333333333333,
        3.333333333333333
      ],
      [
        0.0,
        0.0,
        0.0,
        1.0
      ],
      [
        266.66666666666663,
        16.666666666666664,
        -3433.3333333333335,
        -16.666666666666664
      ]
    ],
    "B": [
      [
        0.0
      ],
      [
        0.0033333333333333335
      ],
      [
        0.0
      ],
      [
        -0.016666666666666666
      ]
    ],
    "C": [
      [
        1.0,
        0.0,
        0.0,
        0.0
      ],
      [
        0.0,
        1.0,
        0.0,
        0.0
      ],
      [
        0.0,
        0.0,
        1.0,
        0.0
      ],
      [
        0.0,
        0.0,
        0.0,
        1.0
      ]
    ],
    "D": [
      [
        0.0
      ],
      [
        0.0
      ],
      [
        0.0
      ],
      [
        0.0
      ]
    ]
  },
  "stability": {
    "eigenvalues": [
      "-8.568182 + 57.570198j",
      "-8.568182 + -57.570198j",
      "-1.431818 + 6.913960j",
      "-1.431818 + -6.913960j"
    ],
    "classification": "asymptotically stable"
  },
  "diagnostics": {
    "converged": true,
    "feasible": true,
    "equilibrium_match": true,
    "timestamp": "2026-07-21T21:47:32.929830"
  }
}