{
  "system": {
    "name": "BioreactorTrimmingSystem",
    "n_states": 3,
    "n_inputs": 1,
    "n_outputs": 3,
    "state_variables": [
      "X",
      "S",
      "P"
    ],
    "input_variables": [
      "u"
    ],
    "parameters": {
      "mumax": 0.5,
      "Ks": 0.5,
      "Yxs": 0.5,
      "Yps": 0.2,
      "D": 0.1,
      "Sin": 10.0
    }
  },
  "equilibrium": {
    "x_e": [
      0.0,
      10.0,
      0.0
    ],
    "u_e": [
      0.1
    ],
    "y_e": [
      0.0,
      10.0,
      0.0
    ]
  },
  "linearized": {
    "A": [
      [
        0.376190476131244,
        0.0,
        0.0
      ],
      [
        -0.9523809523809523,
        -0.0999999993922529,
        0.0
      ],
      [
        0.09523809523809525,
        0.0,
        -0.1
      ]
    ],
    "B": [
      [
        1.0000000000287557
      ],
      [
        0.0
      ],
      [
        0.0
      ]
    ],
    "C": [
      [
        1.0,
        0.0,
        0.0
      ],
      [
        0.0,
        1.0,
        0.0
      ],
      [
        0.0,
        0.0,
        1.0
      ]
    ],
    "D": [
      [
        0.0
      ],
      [
        0.0
      ],
      [
        0.0
      ]
    ]
  },
  "stability": {
    "eigenvalues": [
      "-0.100000",
      "-0.100000",
      "0.376190"
    ],
    "classification": "unstable"
  },
  "diagnostics": {
    "converged": true,
    "feasible": true,
    "equilibrium_match": true,
    "timestamp": "2026-07-21T21:50:07.838603"
  }
}