{
  "system": {
    "name": "gas_turbine_dynamics",
    "n_states": 3,
    "n_inputs": 1,
    "n_outputs": 3,
    "state_variables": [
      "pim",
      "omega_t",
      "megr"
    ],
    "input_variables": [
      "Wt"
    ],
    "parameters": {
      "Vm": 0.02,
      "Rt": 287.0,
      "Tm": 400.0,
      "Cp": 1004.0,
      "Cv": 717.0,
      "Wc": 10.0,
      "Tc": 350.0,
      "Jt": 0.05,
      "Kt": 0.2,
      "nt": 0.85
    }
  },
  "equilibrium": {
    "x_e": [
      0.0,
      -8689029.411697023,
      2.865126730099938e-11
    ],
    "u_e": [
      9.99999999997135
    ],
    "y_e": [
      0.0,
      -8689029.411697023,
      2.865126730099938e-11
    ]
  },
  "linearized": {
    "A": [
      [
        0.0,
        0.0,
        -5740000.0
      ],
      [
        0.0,
        -4.0512531995773315,
        0.0
      ],
      [
        0.1,
        0.0,
        -0.5
      ]
    ],
    "B": [
      [
        -5739999.965115317
      ],
      [
        -9449411.556124687
      ],
      [
        0.0
      ]
    ],
    "C": [
      [
        1.0,
        0.0,
        0.0
      ],
      [
        0.0,
        1.0,
        0.0
      ],
      [
        0.0,
        0.0,
        1.0
      ]
    ],
    "D": [
      [
        0.0
      ],
      [
        0.0
      ],
      [
        0.0
      ]
    ]
  },
  "stability": {
    "eigenvalues": [
      "-0.250000 + 757.627836j",
      "-0.250000 + -757.627836j",
      "-4.051253"
    ],
    "classification": "asymptotically stable"
  },
  "diagnostics": {
    "converged": true,
    "feasible": true,
    "equilibrium_match": true,
    "timestamp": "2026-07-21T21:54:30.155522"
  }
}