{
  "system": {
    "name": "Two_Rotational_Masses_System",
    "n_states": 4,
    "n_inputs": 1,
    "n_outputs": 4,
    "state_variables": [
      "theta1",
      "omega1",
      "theta2",
      "omega2"
    ],
    "input_variables": [
      "u"
    ],
    "parameters": {
      "J1": 0.01,
      "J2": 0.01,
      "k": 1.0,
      "d": 0.1,
      "b1": 0.05,
      "b2": 0.05
    }
  },
  "equilibrium": {
    "x_e": [
      0.0,
      0.0,
      0.0,
      0.0
    ],
    "u_e": [
      0.0
    ],
    "y_e": [
      0.0,
      0.0,
      0.0,
      0.0
    ]
  },
  "linearized": {
    "A": [
      [
        0.0,
        1.0,
        0.0,
        0.0
      ],
      [
        -100.0,
        -15.000000000000004,
        100.0,
        10.0
      ],
      [
        0.0,
        0.0,
        0.0,
        1.0
      ],
      [
        100.0,
        10.0,
        -100.0,
        -15.000000000000004
      ]
    ],
    "B": [
      [
        0.0
      ],
      [
        100.0
      ],
      [
        0.0
      ],
      [
        0.0
      ]
    ],
    "C": [
      [
        1.0,
        0.0,
        0.0,
        0.0
      ],
      [
        0.0,
        1.0,
        0.0,
        0.0
      ],
      [
        0.0,
        0.0,
        1.0,
        0.0
      ],
      [
        0.0,
        0.0,
        0.0,
        1.0
      ]
    ],
    "D": [
      [
        0.0
      ],
      [
        0.0
      ],
      [
        0.0
      ],
      [
        0.0
      ]
    ]
  },
  "stability": {
    "eigenvalues": [
      "-12.500000 + 6.614378j",
      "-12.500000 + -6.614378j",
      "-0.000000",
      "-5.000000"
    ],
    "classification": "marginally stable"
  },
  "diagnostics": {
    "converged": true,
    "feasible": true,
    "equilibrium_match": true,
    "timestamp": "2026-07-21T21:56:10.930693"
  }
}