{
  "system": {
    "name": "HelicopterTrimmingSystem",
    "n_states": 4,
    "n_inputs": 2,
    "n_outputs": 4,
    "state_variables": [
      "pitch",
      "yaw",
      "dpitch",
      "dyaw"
    ],
    "input_variables": [
      "u1",
      "u2"
    ],
    "parameters": {
      "m": 1.3872,
      "g": 9.81,
      "B_p": 0.8,
      "B_y": 0.318,
      "K_pp": 0.204,
      "K_yy": 0.072,
      "K_py": 0.0068,
      "K_yp": 0.0219,
      "J_p": 0.0178,
      "J_y": 0.0084,
      "l_cm": 0.186,
      "J_Tp": 0.0665460736,
      "J_Ty": 0.0571460736
    }
  },
  "equilibrium": {
    "x_e": [
      0.0,
      0.0,
      0.0,
      0.0
    ],
    "u_e": [
      0.0,
      0.0
    ],
    "y_e": [
      0.0,
      0.0,
      0.0,
      0.0
    ]
  },
  "linearized": {
    "A": [
      [
        0.0,
        0.0,
        1.0,
        0.0
      ],
      [
        0.0,
        0.0,
        0.0,
        1.0
      ],
      [
        -38.03632904346133,
        0.0,
        -12.021746088412346,
        0.0
      ],
      [
        0.0,
        0.0,
        0.0,
        -5.564686774910815
      ]
    ],
    "B": [
      [
        0.0,
        0.0
      ],
      [
        0.0,
        0.0
      ],
      [
        3.065545252545147,
        0.10218484175150493
      ],
      [
        0.3832284288381975,
        1.2599290811118824
      ]
    ],
    "C": [
      [
        1.0,
        0.0,
        0.0,
        0.0
      ],
      [
        0.0,
        1.0,
        0.0,
        0.0
      ],
      [
        0.0,
        0.0,
        1.0,
        0.0
      ],
      [
        0.0,
        0.0,
        0.0,
        1.0
      ]
    ],
    "D": [
      [
        0.0,
        0.0
      ],
      [
        0.0,
        0.0
      ],
      [
        0.0,
        0.0
      ],
      [
        0.0,
        0.0
      ]
    ]
  },
  "stability": {
    "eigenvalues": [
      "-6.010873 + 1.380483j",
      "-6.010873 + -1.380483j",
      "0.000000",
      "-5.564687"
    ],
    "classification": "marginally stable"
  },
  "diagnostics": {
    "converged": true,
    "feasible": true,
    "equilibrium_match": true,
    "timestamp": "2026-07-21T21:58:20.779089"
  }
}