{
  "system": {
    "name": "three_tank_cascade",
    "n_states": 3,
    "n_inputs": 1,
    "n_outputs": 3,
    "state_variables": [
      "h1",
      "h2",
      "h3"
    ],
    "input_variables": [
      "q_in"
    ],
    "parameters": {
      "A": 1.0,
      "a1": 0.1,
      "a2": 0.1,
      "a3": 0.1,
      "g": 9.81
    }
  },
  "equilibrium": {
    "x_e": [
      0.0,
      0.0,
      0.0
    ],
    "u_e": [
      0.0
    ],
    "y_e": [
      0.0,
      0.0,
      0.0
    ]
  },
  "linearized": {
    "A": [
      [
        -1400.7141035914506,
        0.0,
        0.0
      ],
      [
        1400.7141035914506,
        -1400.7141035914506,
        0.0
      ],
      [
        0.0,
        1400.7141035914506,
        -1400.7141035914506
      ]
    ],
    "B": [
      [
        1.0
      ],
      [
        0.0
      ],
      [
        0.0
      ]
    ],
    "C": [
      [
        1.0,
        0.0,
        0.0
      ],
      [
        0.0,
        1.0,
        0.0
      ],
      [
        0.0,
        0.0,
        1.0
      ]
    ],
    "D": [
      [
        0.0
      ],
      [
        0.0
      ],
      [
        0.0
      ]
    ]
  },
  "stability": {
    "eigenvalues": [
      "-1400.714104",
      "-1400.714104",
      "-1400.714104"
    ],
    "classification": "asymptotically stable"
  },
  "diagnostics": {
    "converged": true,
    "feasible": true,
    "equilibrium_match": true,
    "timestamp": "2026-07-21T22:01:29.253296"
  }
}