{"system":{"name":"helicopter_pitch_yaw","n_states":4,"n_inputs":2,"n_outputs":4,"state_variables":["theta","dtheta","psi","dpsi"],"input_variables":["U_main","U_tail"],"parameters":{"J_vertical":0.05,"J_horizontal":0.04,"a1":0.012,"a2":0.01,"B_pitch":0.01,"B_yaw":0.015,"MgL":0.3,"K_gyroscopic":0.005}},"equilibrium":{"x_e":[0,1.5502960300218097e-9,0.5,0],"u_e":[25.000000031493396,-1.8328171179077532e-9],"y_e":[0,1.5502960300218097e-9,0.5,0]},"linearized":{"A":[[0,1,0,0],[2.9976021664879227e-7,-0.2,0,0],[0,0,0,1],[0,0.03750000004724009,0,-0.375]],"B":[[0,0],[0.24000000875545877,0],[0,0],[2.325444584264201e-12,0.24999999999999997]],"C":[[1,0,0,0],[0,1,0,0],[0,0,1,0],[0,0,0,1]],"D":[[0,0],[0,0],[0,0],[0,0]]},"stability":{"eigenvalues":["0.000000","-0.375000","0.000001","-0.200001"],"classification":"unstable"},"diagnostics":{"converged":true,"feasible":true,"equilibrium_match":true,"timestamp":"2026-07-01T13:08:06.209219"}}