{"system":{"name":"universal_plant_model","n_states":3,"n_inputs":1,"n_outputs":3,"state_variables":["CA","T","Tc"],"input_variables":["u0"],"parameters":{"q":1,"V":1,"CA0":1,"T0":350,"Tc0":300,"k0":72000000000,"E_R":8750,"dH":-200000,"rho":1000,"Cp":0.239,"UA":50000,"rhoc":1000,"Cpc":1,"Vc":1}},"equilibrium":{"x_e":[0.5,350.00095261911827,348.0009571726377],"u_e":[2.083287047055685],"y_e":[0.5,350.00095261911827,348.0009571726377]},"linearized":{"A":[[-1.9999999983921768,-0.03571409779024037,0],[836.820082668055,-180.31879392310657,209.2050681312685],[0,50.00001124244591,-52.08329881156715]],"B":[[0],[0],[-48.00095709356356]],"C":[[1,0,0],[0,1,0],[0,0,1]],"D":[[0],[0],[0]]},"stability":{"eigenvalues":["-236.815429","-0.770284","3.183621"],"classification":"unstable"},"diagnostics":{"converged":true,"feasible":true,"equilibrium_match":true,"timestamp":"2026-07-01T02:34:11.279140"}}